{
  "k_label": "la_v3_uat_prott5_xl_seg8",
  "o_label": "sweep_prott5_mean_cl70",
  "datasets": {
    "CHEN": {
      "n": 3,
      "k_only_hr@k": {
        "1": 1.0,
        "2": 1.0,
        "3": 1.0,
        "4": 1.0,
        "5": 1.0,
        "6": 1.0,
        "7": 1.0,
        "8": 1.0,
        "9": 1.0,
        "10": 1.0,
        "11": 1.0,
        "12": 1.0,
        "13": 1.0,
        "14": 1.0,
        "15": 1.0,
        "16": 1.0,
        "17": 1.0,
        "18": 1.0,
        "19": 1.0,
        "20": 1.0
      },
      "o_only_hr@k": {
        "1": 0.6666666666666666,
        "2": 0.6666666666666666,
        "3": 0.6666666666666666,
        "4": 0.6666666666666666,
        "5": 0.6666666666666666,
        "6": 0.6666666666666666,
        "7": 1.0,
        "8": 1.0,
        "9": 1.0,
        "10": 1.0,
        "11": 1.0,
        "12": 1.0,
        "13": 1.0,
        "14": 1.0,
        "15": 1.0,
        "16": 1.0,
        "17": 1.0,
        "18": 1.0,
        "19": 1.0,
        "20": 1.0
      },
      "hybrid_hr@k": {
        "1": 1.0,
        "2": 1.0,
        "3": 1.0,
        "4": 1.0,
        "5": 1.0,
        "6": 1.0,
        "7": 1.0,
        "8": 1.0,
        "9": 1.0,
        "10": 1.0,
        "11": 1.0,
        "12": 1.0,
        "13": 1.0,
        "14": 1.0,
        "15": 1.0,
        "16": 1.0,
        "17": 1.0,
        "18": 1.0,
        "19": 1.0,
        "20": 1.0
      }
    },
    "GORODNICHIV": {
      "n": 3,
      "k_only_hr@k": {
        "1": 1.0,
        "2": 1.0,
        "3": 1.0,
        "4": 1.0,
        "5": 1.0,
        "6": 1.0,
        "7": 1.0,
        "8": 1.0,
        "9": 1.0,
        "10": 1.0,
        "11": 1.0,
        "12": 1.0,
        "13": 1.0,
        "14": 1.0,
        "15": 1.0,
        "16": 1.0,
        "17": 1.0,
        "18": 1.0,
        "19": 1.0,
        "20": 1.0
      },
      "o_only_hr@k": {
        "1": 0.0,
        "2": 0.0,
        "3": 0.0,
        "4": 0.0,
        "5": 0.0,
        "6": 0.0,
        "7": 0.0,
        "8": 0.0,
        "9": 0.0,
        "10": 0.0,
        "11": 0.0,
        "12": 0.0,
        "13": 0.0,
        "14": 0.0,
        "15": 0.0,
        "16": 0.0,
        "17": 0.0,
        "18": 0.0,
        "19": 0.0,
        "20": 0.0
      },
      "hybrid_hr@k": {
        "1": 1.0,
        "2": 1.0,
        "3": 1.0,
        "4": 1.0,
        "5": 1.0,
        "6": 1.0,
        "7": 1.0,
        "8": 1.0,
        "9": 1.0,
        "10": 1.0,
        "11": 1.0,
        "12": 1.0,
        "13": 1.0,
        "14": 1.0,
        "15": 1.0,
        "16": 1.0,
        "17": 1.0,
        "18": 1.0,
        "19": 1.0,
        "20": 1.0
      }
    },
    "UCSD": {
      "n": 11,
      "k_only_hr@k": {
        "1": 0.5454545454545454,
        "2": 0.5454545454545454,
        "3": 0.7272727272727273,
        "4": 0.7272727272727273,
        "5": 0.7272727272727273,
        "6": 0.7272727272727273,
        "7": 0.7272727272727273,
        "8": 0.7272727272727273,
        "9": 0.7272727272727273,
        "10": 0.7272727272727273,
        "11": 0.7272727272727273,
        "12": 0.7272727272727273,
        "13": 0.7272727272727273,
        "14": 0.7272727272727273,
        "15": 0.7272727272727273,
        "16": 0.7272727272727273,
        "17": 0.8181818181818182,
        "18": 0.8181818181818182,
        "19": 0.8181818181818182,
        "20": 0.8181818181818182
      },
      "o_only_hr@k": {
        "1": 0.2727272727272727,
        "2": 0.6363636363636364,
        "3": 0.7272727272727273,
        "4": 0.8181818181818182,
        "5": 0.8181818181818182,
        "6": 0.8181818181818182,
        "7": 0.8181818181818182,
        "8": 0.8181818181818182,
        "9": 0.8181818181818182,
        "10": 0.8181818181818182,
        "11": 0.8181818181818182,
        "12": 0.8181818181818182,
        "13": 0.8181818181818182,
        "14": 0.8181818181818182,
        "15": 0.8181818181818182,
        "16": 0.8181818181818182,
        "17": 0.8181818181818182,
        "18": 0.8181818181818182,
        "19": 0.8181818181818182,
        "20": 0.8181818181818182
      },
      "hybrid_hr@k": {
        "1": 0.5454545454545454,
        "2": 0.8181818181818182,
        "3": 0.8181818181818182,
        "4": 0.8181818181818182,
        "5": 0.8181818181818182,
        "6": 0.8181818181818182,
        "7": 0.8181818181818182,
        "8": 0.8181818181818182,
        "9": 0.8181818181818182,
        "10": 0.8181818181818182,
        "11": 0.8181818181818182,
        "12": 0.8181818181818182,
        "13": 0.8181818181818182,
        "14": 0.8181818181818182,
        "15": 0.8181818181818182,
        "16": 0.8181818181818182,
        "17": 0.8181818181818182,
        "18": 0.8181818181818182,
        "19": 0.8181818181818182,
        "20": 0.8181818181818182
      }
    },
    "PBIP": {
      "n": 101,
      "k_only_hr@k": {
        "1": 0.9801980198019802,
        "2": 0.9900990099009901,
        "3": 0.9900990099009901,
        "4": 0.9900990099009901,
        "5": 0.9900990099009901,
        "6": 0.9900990099009901,
        "7": 0.9900990099009901,
        "8": 0.9900990099009901,
        "9": 0.9900990099009901,
        "10": 0.9900990099009901,
        "11": 0.9900990099009901,
        "12": 0.9900990099009901,
        "13": 0.9900990099009901,
        "14": 0.9900990099009901,
        "15": 0.9900990099009901,
        "16": 0.9900990099009901,
        "17": 0.9900990099009901,
        "18": 0.9900990099009901,
        "19": 0.9900990099009901,
        "20": 0.9900990099009901
      },
      "o_only_hr@k": {
        "1": 0.9801980198019802,
        "2": 1.0,
        "3": 1.0,
        "4": 1.0,
        "5": 1.0,
        "6": 1.0,
        "7": 1.0,
        "8": 1.0,
        "9": 1.0,
        "10": 1.0,
        "11": 1.0,
        "12": 1.0,
        "13": 1.0,
        "14": 1.0,
        "15": 1.0,
        "16": 1.0,
        "17": 1.0,
        "18": 1.0,
        "19": 1.0,
        "20": 1.0
      },
      "hybrid_hr@k": {
        "1": 1.0,
        "2": 1.0,
        "3": 1.0,
        "4": 1.0,
        "5": 1.0,
        "6": 1.0,
        "7": 1.0,
        "8": 1.0,
        "9": 1.0,
        "10": 1.0,
        "11": 1.0,
        "12": 1.0,
        "13": 1.0,
        "14": 1.0,
        "15": 1.0,
        "16": 1.0,
        "17": 1.0,
        "18": 1.0,
        "19": 1.0,
        "20": 1.0
      }
    },
    "PhageHostLearn": {
      "n": 99,
      "k_only_hr@k": {
        "1": 0.32323232323232326,
        "2": 0.36363636363636365,
        "3": 0.40404040404040403,
        "4": 0.4444444444444444,
        "5": 0.46464646464646464,
        "6": 0.47474747474747475,
        "7": 0.48484848484848486,
        "8": 0.494949494949495,
        "9": 0.5252525252525253,
        "10": 0.5454545454545454,
        "11": 0.5555555555555556,
        "12": 0.5555555555555556,
        "13": 0.5555555555555556,
        "14": 0.5656565656565656,
        "15": 0.5656565656565656,
        "16": 0.5757575757575758,
        "17": 0.5757575757575758,
        "18": 0.5959595959595959,
        "19": 0.6161616161616161,
        "20": 0.6161616161616161
      },
      "o_only_hr@k": {
        "1": 0.36363636363636365,
        "2": 0.3838383838383838,
        "3": 0.3838383838383838,
        "4": 0.3838383838383838,
        "5": 0.40404040404040403,
        "6": 0.42424242424242425,
        "7": 0.43434343434343436,
        "8": 0.46464646464646464,
        "9": 0.46464646464646464,
        "10": 0.46464646464646464,
        "11": 0.48484848484848486,
        "12": 0.5050505050505051,
        "13": 0.5050505050505051,
        "14": 0.5050505050505051,
        "15": 0.5050505050505051,
        "16": 0.5151515151515151,
        "17": 0.5353535353535354,
        "18": 0.5757575757575758,
        "19": 0.6060606060606061,
        "20": 0.6060606060606061
      },
      "hybrid_hr@k": {
        "1": 0.5555555555555556,
        "2": 0.5858585858585859,
        "3": 0.6060606060606061,
        "4": 0.6161616161616161,