{
  "CHEN": {
    "n_strict": 69,
    "n_with_embedded_rbp": 69,
    "k_only": {
      "hr_at_k": {
        "1": 0.2753623188405797,
        "2": 0.2753623188405797,
        "3": 0.2753623188405797,
        "4": 0.2753623188405797,
        "5": 0.2753623188405797,
        "6": 0.2753623188405797,
        "7": 0.30434782608695654,
        "8": 0.3333333333333333,
        "9": 0.36231884057971014,
        "10": 0.4492753623188406,
        "11": 0.4492753623188406,
        "12": 0.4492753623188406,
        "13": 0.4492753623188406,
        "14": 0.5942028985507246,
        "15": 0.5942028985507246,
        "16": 0.5942028985507246,
        "17": 0.6956521739130435,
        "18": 0.6956521739130435,
        "19": 0.6956521739130435,
        "20": 0.6956521739130435
      }
    },
    "o_only": {
      "hr_at_k": {
        "1": 0.10144927536231885,
        "2": 0.15942028985507245,
        "3": 0.15942028985507245,
        "4": 0.4927536231884058,
        "5": 0.4927536231884058,
        "6": 0.4927536231884058,
        "7": 0.4927536231884058,
        "8": 0.4927536231884058,
        "9": 0.4927536231884058,
        "10": 0.4927536231884058,
        "11": 0.4927536231884058,
        "12": 0.4927536231884058,
        "13": 0.4927536231884058,
        "14": 0.4927536231884058,
        "15": 0.4927536231884058,
        "16": 0.6666666666666666,
        "17": 0.6666666666666666,
        "18": 0.6666666666666666,
        "19": 0.6666666666666666,
        "20": 0.6666666666666666
      }
    },
    "merged": {
      "hr_at_k": {
        "1": 0.2753623188405797,
        "2": 0.2753623188405797,
        "3": 0.2753623188405797,
        "4": 0.2753623188405797,
        "5": 0.2753623188405797,
        "6": 0.2753623188405797,
        "7": 0.30434782608695654,
        "8": 0.3333333333333333,
        "9": 0.36231884057971014,
        "10": 0.391304347826087,
        "11": 0.42028985507246375,
        "12": 0.6956521739130435,
        "13": 0.6956521739130435,
        "14": 0.6956521739130435,
        "15": 0.6956521739130435,
        "16": 0.6956521739130435,
        "17": 0.6956521739130435,
        "18": 0.6956521739130435,
        "19": 0.6956521739130435,
        "20": 0.6956521739130435
      }
    },
    "or": {
      "hr_at_k": {
        "1": 0.30434782608695654,
        "2": 0.36231884057971014,
        "3": 0.36231884057971014,
        "4": 0.6956521739130435,
        "5": 0.6956521739130435,
        "6": 0.6956521739130435,
        "7": 0.6956521739130435,
        "8": 0.6956521739130435,
        "9": 0.6956521739130435,
        "10": 0.7391304347826086,
        "11": 0.7391304347826086,
        "12": 0.7391304347826086,
        "13": 0.7391304347826086,
        "14": 0.8405797101449275,
        "15": 0.8405797101449275,
        "16": 0.8405797101449275,
        "17": 0.9420289855072463,
        "18": 0.9420289855072463,
        "19": 0.9420289855072463,
        "20": 0.9420289855072463
      }
    },
    "dataset": "CHEN",
    "best_strict_HR1": 0.2753623188405797,
    "or_HR1": 0.30434782608695654
  },
  "GORODNICHIV": {
    "n_strict": 12,
    "n_with_embedded_rbp": 12,
    "k_only": {
      "hr_at_k": {
        "1": 1.0,
        "2": 1.0,
        "3": 1.0,
        "4": 1.0,
        "5": 1.0,
        "6": 1.0,
        "7": 1.0,
        "8": 1.0,
        "9": 1.0,
        "10": 1.0,
        "11": 1.0,
        "12": 1.0,
        "13": 1.0,
        "14": 1.0,
        "15": 1.0,
        "16": 1.0,
        "17": 1.0,
        "18": 1.0,
        "19": 1.0,
        "20": 1.0
      }
    },
    "o_only": {
      "hr_at_k": {
        "1": 0.0,
        "2": 0.0,
        "3": 0.0,
        "4": 0.0,
        "5": 0.0,
        "6": 0.0,
        "7": 0.0,
        "8": 0.0,
        "9": 0.0,
        "10": 0.0,
        "11": 0.0,
        "12": 0.0,
        "13": 0.0,
        "14": 0.0,
        "15": 0.0,
        "16": 0.0,
        "17": 0.0,
        "18": 0.0,
        "19": 0.0,
        "20": 0.0
      }
    },
    "merged": {
      "hr_at_k": {
        "1": 1.0,
        "2": 1.0,
        "3": 1.0,
        "4": 1.0,
        "5": 1.0,
        "6": 1.0,
        "7": 1.0,
        "8": 1.0,
        "9": 1.0,
        "10": 1.0,
        "11": 1.0,
        "12": 1.0,
        "13": 1.0,
        "14": 1.0,
        "15": 1.0,
        "16": 1.0,
        "17": 1.0,
        "18": 1.0,
        "19": 1.0,
        "20": 1.0
      }
    },
    "or": {
      "hr_at_k": {
        "1": 1.0,
        "2": 1.0,
        "3": 1.0,
        "4": 1.0,
        "5": 1.0,
        "6": 1.0,
        "7": 1.0,
        "8": 1.0,
        "9": 1.0,
        "10": 1.0,
        "11": 1.0,
        "12": 1.0,
        "13": 1.0,
        "14": 1.0,
        "15": 1.0,
        "16": 1.0,
        "17": 1.0,
        "18": 1.0,
        "19": 1.0,
        "20": 1.0
      }
    },
    "dataset": "GORODNICHIV",
    "best_strict_HR1": 1.0,
    "or_HR1": 1.0
  },
  "UCSD": {
    "n_strict": 236,
    "n_with_embedded_rbp": 236,
    "k_only": {
      "hr_at_k": {
        "1": 0.0635593220338983,
        "2": 0.09322033898305085,
        "3": 0.1016949152542373,
        "4": 0.11440677966101695,
        "5": 0.1271186440677966,
        "6": 0.1694915254237288,
        "7": 0.17796610169491525,
        "8": 0.1906779661016949,
        "9": 0.2076271186440678,
        "10": 0.21610169491525424,
        "11": 0.2330508474576271,
        "12": 0.23728813559322035,
        "13": 0.25,
        "14": 0.2711864406779661,
        "15": 0.2838983050847458,
        "16": 0.2966101694915254,
        "17": 0.3050847457627119,
        "18": 0.3220338983050847,
        "19": 0.3474576271186441,
        "20": 0.3559322033898305
      }
    },
    "o_only": {
      "hr_at_k": {
        "1": 0.01694915254237288,
        "2": 0.038135593220338986,
        "3": 0.05084745762711865,
        "4": 0.06779661016949153,
        "5": 0.18220338983050846,
        "6": 0.614406779661017,
        "7": 0.8008474576271186,
        "8": 0.8516949152542372,
        "9": 0.8516949152542372,
        "10": 0.8516949152542372,
        "11": 0.8516949152542372,
        "12": 0.8516949152542372,
        "13": 0.8516949152542372,
        "14": 0.8516949152542372,
        "15": 0.8516949152542372,
        "16": 0.8516949152542372,
        "17": 0.8516949152542372,
        "18": 0.8516949152542372,
        "19": 0.8516949152542372,
        "20": 0.8516949152542372
      }
    },
    "merged": {
      "hr_at_k": {
        "1": 0.0635593220338983,
        "2": 0.08898305084745763,
        "3": 0.09322033898305085,
        "4": 0.1016949152542373,
        "5": 0.1228813559322034,
        "6": 0.1440677966101695,
        "7": 0.17372881355932204,
        "8": 0.1906779661016949,
        "9": 0.2033898305084746,
        "10": 0.21610169491525424,
        "11": 0.2288135593220339,
        "12": 0.23728813559322035,
        "13": 0.2457627118644068,
        "14": 0.2584745762711864,
        "15": 0.2711864406779661,
        "16": 0.288135593220339,
        "17": 0.3008474576271186,
        "18": 0.3177966101694915,
        "19": 0.3347457627118644,
        "20": 0.3516949152542373
      }
    },
    "or": {
      "hr_at_k": {
        "1": 0.07203389830508475,
        "2": 0.11016949152542373,
        "3": 0.13135593220338984,
        "4": 0.16101694915254236,
        "5": 0.2754237288135593,
        "6": 0.6779661016949152,
        "7": 0.8177966101694916,
        "8": 0.8516949152542372,
        "9": 0.8516949152542372,
        "10": 0.8516949152542372,
        "11": 0.8516949152542372,
        "12": 0.8516949152542372,
        "13": 0.8516949152542372,
        "14": 0.8516949152542372,
        "15": 0.8516949152542372,
        "16": 0.8516949152542372,
        "17": 0.8516949152542372,
        "18": 0.8516949152542372,
        "19": 0.8559322033898306,
        "20": 0.8601694915254238
      }
    },
    "dataset": "UCSD",
    "best_strict_HR1": 0.0635593220338983,
    "or_HR1": 0.07203389830508475
  },
  "PBIP": {
    "n_strict": 921,
    "n_with_embedded_rbp": 921,