{
  "CHEN": {
    "n_strict": 69,
    "n_with_embedded_rbp": 69,
    "k_only": {
      "hr_at_k": {
        "1": 0.2753623188405797,
        "2": 0.2753623188405797,
        "3": 0.2753623188405797,
        "4": 0.2753623188405797,
        "5": 0.2753623188405797,
        "6": 0.2753623188405797,
        "7": 0.4782608695652174,
        "8": 0.4782608695652174,
        "9": 0.4782608695652174,
        "10": 0.4782608695652174,
        "11": 0.4782608695652174,
        "12": 0.4782608695652174,
        "13": 0.4782608695652174,
        "14": 0.5942028985507246,
        "15": 0.6086956521739131,
        "16": 0.6521739130434783,
        "17": 0.6521739130434783,
        "18": 0.6521739130434783,
        "19": 0.7536231884057971,
        "20": 0.7536231884057971
      }
    },
    "o_only": {
      "hr_at_k": {
        "1": 0.4057971014492754,
        "2": 0.4057971014492754,
        "3": 0.4057971014492754,
        "4": 0.4057971014492754,
        "5": 0.4057971014492754,
        "6": 0.4057971014492754,
        "7": 0.4057971014492754,
        "8": 0.4057971014492754,
        "9": 0.4057971014492754,
        "10": 0.4057971014492754,
        "11": 0.4057971014492754,
        "12": 0.4057971014492754,
        "13": 0.43478260869565216,
        "14": 0.5072463768115942,
        "15": 0.5072463768115942,
        "16": 0.5072463768115942,
        "17": 0.6811594202898551,
        "18": 0.6811594202898551,
        "19": 0.6811594202898551,
        "20": 0.6811594202898551
      }
    },
    "merged": {
      "hr_at_k": {
        "1": 0.2753623188405797,
        "2": 0.2753623188405797,
        "3": 0.2753623188405797,
        "4": 0.2753623188405797,
        "5": 0.2753623188405797,
        "6": 0.2753623188405797,
        "7": 0.6086956521739131,
        "8": 0.6086956521739131,
        "9": 0.6086956521739131,
        "10": 0.6086956521739131,
        "11": 0.6086956521739131,
        "12": 0.6086956521739131,
        "13": 0.6086956521739131,
        "14": 0.6086956521739131,
        "15": 0.6086956521739131,
        "16": 0.6086956521739131,
        "17": 0.6086956521739131,
        "18": 0.6086956521739131,
        "19": 0.6521739130434783,
        "20": 0.7536231884057971
      }
    },
    "or": {
      "hr_at_k": {
        "1": 0.6086956521739131,
        "2": 0.6086956521739131,
        "3": 0.6086956521739131,
        "4": 0.6086956521739131,
        "5": 0.6086956521739131,
        "6": 0.6086956521739131,
        "7": 0.7391304347826086,
        "8": 0.7391304347826086,
        "9": 0.7391304347826086,
        "10": 0.7391304347826086,
        "11": 0.7391304347826086,
        "12": 0.7391304347826086,
        "13": 0.7681159420289855,
        "14": 0.9565217391304348,
        "15": 0.9565217391304348,
        "16": 0.9565217391304348,
        "17": 0.9565217391304348,
        "18": 0.9565217391304348,
        "19": 0.9855072463768116,
        "20": 0.9855072463768116
      }
    },
    "dataset": "CHEN",
    "best_strict_HR1": 0.4057971014492754,
    "or_HR1": 0.6086956521739131
  },
  "GORODNICHIV": {
    "n_strict": 12,
    "n_with_embedded_rbp": 12,
    "k_only": {
      "hr_at_k": {
        "1": 1.0,
        "2": 1.0,
        "3": 1.0,
        "4": 1.0,
        "5": 1.0,
        "6": 1.0,
        "7": 1.0,
        "8": 1.0,
        "9": 1.0,
        "10": 1.0,
        "11": 1.0,
        "12": 1.0,
        "13": 1.0,
        "14": 1.0,
        "15": 1.0,
        "16": 1.0,
        "17": 1.0,
        "18": 1.0,
        "19": 1.0,
        "20": 1.0
      }
    },
    "o_only": {
      "hr_at_k": {
        "1": 0.0,
        "2": 0.0,
        "3": 0.0,
        "4": 0.0,
        "5": 0.0,
        "6": 0.0,
        "7": 0.0,
        "8": 0.0,
        "9": 0.0,
        "10": 0.0,
        "11": 0.0,
        "12": 0.0,
        "13": 0.0,
        "14": 0.0,
        "15": 0.0,
        "16": 0.0,
        "17": 0.0,
        "18": 0.0,
        "19": 0.0,
        "20": 0.0
      }
    },
    "merged": {
      "hr_at_k": {
        "1": 1.0,
        "2": 1.0,
        "3": 1.0,
        "4": 1.0,
        "5": 1.0,
        "6": 1.0,
        "7": 1.0,
        "8": 1.0,
        "9": 1.0,
        "10": 1.0,
        "11": 1.0,
        "12": 1.0,
        "13": 1.0,
        "14": 1.0,
        "15": 1.0,
        "16": 1.0,
        "17": 1.0,
        "18": 1.0,
        "19": 1.0,
        "20": 1.0
      }
    },
    "or": {
      "hr_at_k": {
        "1": 1.0,
        "2": 1.0,
        "3": 1.0,
        "4": 1.0,
        "5": 1.0,
        "6": 1.0,
        "7": 1.0,
        "8": 1.0,
        "9": 1.0,
        "10": 1.0,
        "11": 1.0,
        "12": 1.0,
        "13": 1.0,
        "14": 1.0,
        "15": 1.0,
        "16": 1.0,
        "17": 1.0,
        "18": 1.0,
        "19": 1.0,
        "20": 1.0
      }
    },
    "dataset": "GORODNICHIV",
    "best_strict_HR1": 1.0,
    "or_HR1": 1.0
  },
  "UCSD": {
    "n_strict": 236,
    "n_with_embedded_rbp": 236,
    "k_only": {
      "hr_at_k": {
        "1": 0.07203389830508475,
        "2": 0.07203389830508475,
        "3": 0.07627118644067797,
        "4": 0.0847457627118644,
        "5": 0.09322033898305085,
        "6": 0.11440677966101695,
        "7": 0.13135593220338984,
        "8": 0.13983050847457626,
        "9": 0.15677966101694915,
        "10": 0.1694915254237288,
        "11": 0.2288135593220339,
        "12": 0.2711864406779661,
        "13": 0.2966101694915254,
        "14": 0.2966101694915254,
        "15": 0.2966101694915254,
        "16": 0.3008474576271186,
        "17": 0.3135593220338983,
        "18": 0.3220338983050847,
        "19": 0.3474576271186441,
        "20": 0.3601694915254237
      }
    },
    "o_only": {
      "hr_at_k": {
        "1": 0.012711864406779662,
        "2": 0.025423728813559324,
        "3": 0.09745762711864407,
        "4": 0.4745762711864407,
        "5": 0.4830508474576271,
        "6": 0.8305084745762712,
        "7": 0.8305084745762712,
        "8": 0.8305084745762712,
        "9": 0.8305084745762712,
        "10": 0.8305084745762712,
        "11": 0.8305084745762712,
        "12": 0.8305084745762712,
        "13": 0.8305084745762712,
        "14": 0.8305084745762712,
        "15": 0.8305084745762712,
        "16": 0.8305084745762712,
        "17": 0.8305084745762712,
        "18": 0.8305084745762712,
        "19": 0.8305084745762712,
        "20": 0.8305084745762712
      }
    },
    "merged": {
      "hr_at_k": {
        "1": 0.0635593220338983,
        "2": 0.07627118644067797,
        "3": 0.07627118644067797,
        "4": 0.08050847457627118,
        "5": 0.1016949152542373,
        "6": 0.1059322033898305,
        "7": 0.1271186440677966,
        "8": 0.1440677966101695,
        "9": 0.25,
        "10": 0.2627118644067797,
        "11": 0.3347457627118644,
        "12": 0.4194915254237288,
        "13": 0.4279661016949153,
        "14": 0.4322033898305085,
        "15": 0.4364406779661017,
        "16": 0.4576271186440678,
        "17": 0.4703389830508475,
        "18": 0.4788135593220339,
        "19": 0.4915254237288136,
        "20": 0.4957627118644068
      }
    },
    "or": {
      "hr_at_k": {
        "1": 0.08050847457627118,
        "2": 0.09322033898305085,
        "3": 0.1652542372881356,
        "4": 0.5,
        "5": 0.5127118644067796,
        "6": 0.8347457627118644,
        "7": 0.8347457627118644,
        "8": 0.8389830508474576,
        "9": 0.8432203389830508,
        "10": 0.8432203389830508,
        "11": 0.8432203389830508,
        "12": 0.8432203389830508,
        "13": 0.8432203389830508,
        "14": 0.8432203389830508,
        "15": 0.8432203389830508,
        "16": 0.847457627118644,
        "17": 0.847457627118644,
        "18": 0.8516949152542372,
        "19": 0.8516949152542372,
        "20": 0.8516949152542372
      }
    },
    "dataset": "UCSD",
    "best_strict_HR1": 0.07203389830508475,
    "or_HR1": 0.08050847457627118
  },
  "PBIP": {
    "n_strict": 921,
    "n_with_embedded_rbp": 921,