{
  "_meta": {
    "tie_method": "competition",
    "score_norm": "zscore",
    "head_mode": "both",
    "max_k": 20
  },
  "CHEN": {
    "rank_hosts": {
      "n_pairs": 69,
      "n_pairs_scored": 0,
      "n_phages": 3,
      "n_hosts": 50,
      "hr_at_k": {
        "1": 0.0,
        "2": 0.0,
        "3": 0.0,
        "4": 0.0,
        "5": 0.0,
        "6": 0.0,
        "7": 0.0,
        "8": 0.0,
        "9": 0.0,
        "10": 0.0,
        "11": 0.0,
        "12": 0.0,
        "13": 0.0,
        "14": 0.0,
        "15": 0.0,
        "16": 0.0,
        "17": 0.0,
        "18": 0.0,
        "19": 0.0,
        "20": 0.0
      },
      "mrr": 0.0
    },
    "rank_phages": {
      "n_pairs": 69,
      "n_pairs_scored": 0,
      "n_phages": 3,
      "n_hosts": 50,
      "hr_at_k": {
        "1": 0.0,
        "2": 0.0,
        "3": 0.0,
        "4": 0.0,
        "5": 0.0,
        "6": 0.0,
        "7": 0.0,
        "8": 0.0,
        "9": 0.0,
        "10": 0.0,
        "11": 0.0,
        "12": 0.0,
        "13": 0.0,
        "14": 0.0,
        "15": 0.0,
        "16": 0.0,
        "17": 0.0,
        "18": 0.0,
        "19": 0.0,
        "20": 0.0
      },
      "mrr": 0.0
    }
  },
  "GORODNICHIV": {
    "rank_hosts": {
      "n_pairs": 12,
      "n_pairs_scored": 0,
      "n_phages": 3,
      "n_hosts": 83,
      "hr_at_k": {
        "1": 0.0,
        "2": 0.0,
        "3": 0.0,
        "4": 0.0,
        "5": 0.0,
        "6": 0.0,
        "7": 0.0,
        "8": 0.0,
        "9": 0.0,
        "10": 0.0,
        "11": 0.0,
        "12": 0.0,
        "13": 0.0,
        "14": 0.0,
        "15": 0.0,
        "16": 0.0,
        "17": 0.0,
        "18": 0.0,
        "19": 0.0,
        "20": 0.0
      },
      "mrr": 0.0
    },
    "rank_phages": {
      "n_pairs": 12,
      "n_pairs_scored": 0,
      "n_phages": 3,
      "n_hosts": 83,
      "hr_at_k": {
        "1": 0.0,
        "2": 0.0,
        "3": 0.0,
        "4": 0.0,
        "5": 0.0,
        "6": 0.0,
        "7": 0.0,
        "8": 0.0,
        "9": 0.0,
        "10": 0.0,
        "11": 0.0,
        "12": 0.0,
        "13": 0.0,
        "14": 0.0,
        "15": 0.0,
        "16": 0.0,
        "17": 0.0,
        "18": 0.0,
        "19": 0.0,
        "20": 0.0
      },
      "mrr": 0.0
    }
  },
  "UCSD": {
    "rank_hosts": {
      "n_pairs": 236,
      "n_pairs_scored": 117,
      "n_phages": 11,
      "n_hosts": 59,
      "hr_at_k": {
        "1": 0.08050847457627118,
        "2": 0.11016949152542373,
        "3": 0.11016949152542373,
        "4": 0.11016949152542373,
        "5": 0.13135593220338984,
        "6": 0.2076271186440678,
        "7": 0.2330508474576271,
        "8": 0.2584745762711864,
        "9": 0.2754237288135593,
        "10": 0.288135593220339,
        "11": 0.3008474576271186,
        "12": 0.326271186440678,
        "13": 0.3474576271186441,
        "14": 0.3855932203389831,
        "15": 0.3855932203389831,
        "16": 0.3855932203389831,
        "17": 0.3983050847457627,
        "18": 0.4152542372881356,
        "19": 0.4364406779661017,
        "20": 0.4449152542372881
      },
      "mrr": 0.13536275961145233
    },
    "rank_phages": {
      "n_pairs": 236,
      "n_pairs_scored": 117,
      "n_phages": 11,
      "n_hosts": 59,
      "hr_at_k": {
        "1": 0.03389830508474576,
        "2": 0.09745762711864407,
        "3": 0.16101694915254236,
        "4": 0.2033898305084746,
        "5": 0.2711864406779661,
        "6": 0.3389830508474576,
        "7": 0.3855932203389831,
        "8": 0.4279661016949153,
        "9": 0.4533898305084746,
        "10": 0.4915254237288136,
        "11": 0.4957627118644068,
        "12": 0.4957627118644068,
        "13": 0.4957627118644068,
        "14": 0.4957627118644068,
        "15": 0.4957627118644068,
        "16": 0.4957627118644068,
        "17": 0.4957627118644068,
        "18": 0.4957627118644068,
        "19": 0.4957627118644068,
        "20": 0.4957627118644068
      },
      "mrr": 0.1412952160833517
    }
  },
  "PBIP": {
    "rank_hosts": {
      "n_pairs": 938,
      "n_pairs_scored": 23,
      "n_phages": 104,
      "n_hosts": 120,
      "hr_at_k": {
        "1": 0.021321961620469083,
        "2": 0.024520255863539446,
        "3": 0.024520255863539446,
        "4": 0.024520255863539446,
        "5": 0.024520255863539446,
        "6": 0.024520255863539446,
        "7": 0.024520255863539446,
        "8": 0.024520255863539446,
        "9": 0.024520255863539446,
        "10": 0.024520255863539446,
        "11": 0.024520255863539446,
        "12": 0.024520255863539446,
        "13": 0.024520255863539446,
        "14": 0.024520255863539446,
        "15": 0.024520255863539446,
        "16": 0.024520255863539446,
        "17": 0.024520255863539446,
        "18": 0.024520255863539446,
        "19": 0.024520255863539446,
        "20": 0.024520255863539446
      },
      "mrr": 0.022921108742004266
    },
    "rank_phages": {
      "n_pairs": 938,
      "n_pairs_scored": 23,
      "n_phages": 104,
      "n_hosts": 120,
      "hr_at_k": {
        "1": 0.009594882729211088,
        "2": 0.013859275053304905,
        "3": 0.015991471215351813,
        "4": 0.01812366737739872,
        "5": 0.021321961620469083,
        "6": 0.021321961620469083,
        "7": 0.022388059701492536,
        "8": 0.023454157782515993,
        "9": 0.024520255863539446,
        "10": 0.024520255863539446,
        "11": 0.024520255863539446,
        "12": 0.024520255863539446,
        "13": 0.024520255863539446,
        "14": 0.024520255863539446,
        "15": 0.024520255863539446,
        "16": 0.024520255863539446,
        "17": 0.024520255863539446,
        "18": 0.024520255863539446,
        "19": 0.024520255863539446,
        "20": 0.024520255863539446
      },
      "mrr": 0.014014536162723796
    }
  },
  "PhageHostLearn": {
    "rank_hosts": {
      "n_pairs": 465,
      "n_pairs_scored": 57,
      "n_phages": 132,
      "n_hosts": 215,
      "hr_at_k": {
        "1": 0.021505376344086023,
        "2": 0.030107526881720432,
        "3": 0.03870967741935484,
        "4": 0.03870967741935484,
        "5": 0.03870967741935484,
        "6": 0.047311827956989246,
        "7": 0.04946236559139785,
        "8": 0.05806451612903226,
        "9": 0.05806451612903226,
        "10": 0.05806451612903226,
        "11": 0.07096774193548387,
        "12": 0.07311827956989247,
        "13": 0.07526881720430108,
        "14": 0.07526881720430108,
        "15": 0.07526881720430108,
        "16": 0.07741935483870968,
        "17": 0.07741935483870968,
        "18": 0.07741935483870968,
        "19": 0.07741935483870968,
        "20": 0.07741935483870968
      },
      "mrr": 0.03434697500854882
    },
    "rank_phages": {
      "n_pairs": 465,
      "n_pairs_scored": 57,
      "n_phages": 132,
      "n_hosts": 215,
      "hr_at_k": {
        "1": 0.021505376344086023,
        "2": 0.03225806451612903,
        "3": 0.05161290322580645,
        "4": 0.05161290322580645,
        "5": 0.053763440860215055,
        "6": 0.05591397849462366,
        "7": 0.05591397849462366,
        "8": 0.060215053763440864,
        "9": 0.060215053763440864,
        "10": 0.060215053763440864,
        "11": 0.060215053763440864,
        "12": 0.060215053763440864,
        "13": 0.060215053763440864,
        "14": 0.06236559139784946,
        "15": 0.06236559139784946,
        "16": 0.06451612903225806,
        "17": 0.06666666666666667,
        "18": 0.06666666666666667,
        "19": 0.06666666666666667,
        "20": 0.06881720430107527
      },
      "mrr": 0.036665204184896355
    }
  }
}