{
  "CHEN": {
    "n_strict": 69,
    "n_with_embedded_rbp": 69,
    "k_only": {
      "hr_at_k": {
        "1": 0.17391304347826086,
        "2": 0.17391304347826086,
        "3": 0.17391304347826086,
        "4": 0.17391304347826086,
        "5": 0.2753623188405797,
        "6": 0.2753623188405797,
        "7": 0.34782608695652173,
        "8": 0.37681159420289856,
        "9": 0.37681159420289856,
        "10": 0.37681159420289856,
        "11": 0.391304347826087,
        "12": 0.42028985507246375,
        "13": 0.5362318840579711,
        "14": 0.6376811594202898,
        "15": 0.6376811594202898,
        "16": 0.6376811594202898,
        "17": 0.6376811594202898,
        "18": 0.6376811594202898,
        "19": 0.6376811594202898,
        "20": 0.6521739130434783
      }
    },
    "o_only": {
      "hr_at_k": {
        "1": 0.17391304347826086,
        "2": 0.2608695652173913,
        "3": 0.2608695652173913,
        "4": 0.2608695652173913,
        "5": 0.2608695652173913,
        "6": 0.2608695652173913,
        "7": 0.2753623188405797,
        "8": 0.4057971014492754,
        "9": 0.4057971014492754,
        "10": 0.5652173913043478,
        "11": 0.5652173913043478,
        "12": 0.5652173913043478,
        "13": 0.5652173913043478,
        "14": 0.5652173913043478,
        "15": 0.7391304347826086,
        "16": 0.7391304347826086,
        "17": 0.7391304347826086,
        "18": 0.7391304347826086,
        "19": 0.7391304347826086,
        "20": 0.7391304347826086
      }
    },
    "merged": {
      "hr_at_k": {
        "1": 0.17391304347826086,
        "2": 0.17391304347826086,
        "3": 0.17391304347826086,
        "4": 0.17391304347826086,
        "5": 0.2753623188405797,
        "6": 0.2753623188405797,
        "7": 0.30434782608695654,
        "8": 0.37681159420289856,
        "9": 0.4057971014492754,
        "10": 0.4057971014492754,
        "11": 0.4057971014492754,
        "12": 0.42028985507246375,
        "13": 0.4492753623188406,
        "14": 0.6521739130434783,
        "15": 0.6521739130434783,
        "16": 0.6521739130434783,
        "17": 0.6521739130434783,
        "18": 0.6521739130434783,
        "19": 0.6521739130434783,
        "20": 0.6521739130434783
      }
    },
    "or": {
      "hr_at_k": {
        "1": 0.2608695652173913,
        "2": 0.2608695652173913,
        "3": 0.2608695652173913,
        "4": 0.2608695652173913,
        "5": 0.2898550724637681,
        "6": 0.2898550724637681,
        "7": 0.37681159420289856,
        "8": 0.5362318840579711,
        "9": 0.5362318840579711,
        "10": 0.6666666666666666,
        "11": 0.6811594202898551,
        "12": 0.6956521739130435,
        "13": 0.6956521739130435,
        "14": 0.7971014492753623,
        "15": 0.927536231884058,
        "16": 0.927536231884058,
        "17": 0.927536231884058,
        "18": 0.927536231884058,
        "19": 0.927536231884058,
        "20": 0.927536231884058
      }
    },
    "dataset": "CHEN",
    "best_strict_HR1": 0.17391304347826086,
    "or_HR1": 0.2608695652173913
  },
  "GORODNICHIV": {
    "n_strict": 12,
    "n_with_embedded_rbp": 12,
    "k_only": {
      "hr_at_k": {
        "1": 1.0,
        "2": 1.0,
        "3": 1.0,
        "4": 1.0,
        "5": 1.0,
        "6": 1.0,
        "7": 1.0,
        "8": 1.0,
        "9": 1.0,
        "10": 1.0,
        "11": 1.0,
        "12": 1.0,
        "13": 1.0,
        "14": 1.0,
        "15": 1.0,
        "16": 1.0,
        "17": 1.0,
        "18": 1.0,
        "19": 1.0,
        "20": 1.0
      }
    },
    "o_only": {
      "hr_at_k": {
        "1": 0.0,
        "2": 0.0,
        "3": 0.0,
        "4": 0.0,
        "5": 0.0,
        "6": 0.0,
        "7": 0.0,
        "8": 0.0,
        "9": 0.0,
        "10": 0.0,
        "11": 0.0,
        "12": 0.0,
        "13": 0.0,
        "14": 0.0,
        "15": 0.0,
        "16": 0.0,
        "17": 0.0,
        "18": 0.0,
        "19": 0.0,
        "20": 0.0
      }
    },
    "merged": {
      "hr_at_k": {
        "1": 1.0,
        "2": 1.0,
        "3": 1.0,
        "4": 1.0,
        "5": 1.0,
        "6": 1.0,
        "7": 1.0,
        "8": 1.0,
        "9": 1.0,
        "10": 1.0,
        "11": 1.0,
        "12": 1.0,
        "13": 1.0,
        "14": 1.0,
        "15": 1.0,
        "16": 1.0,
        "17": 1.0,
        "18": 1.0,
        "19": 1.0,
        "20": 1.0
      }
    },
    "or": {
      "hr_at_k": {
        "1": 1.0,
        "2": 1.0,
        "3": 1.0,
        "4": 1.0,
        "5": 1.0,
        "6": 1.0,
        "7": 1.0,
        "8": 1.0,
        "9": 1.0,
        "10": 1.0,
        "11": 1.0,
        "12": 1.0,
        "13": 1.0,
        "14": 1.0,
        "15": 1.0,
        "16": 1.0,
        "17": 1.0,
        "18": 1.0,
        "19": 1.0,
        "20": 1.0
      }
    },
    "dataset": "GORODNICHIV",
    "best_strict_HR1": 1.0,
    "or_HR1": 1.0
  },
  "UCSD": {
    "n_strict": 236,
    "n_with_embedded_rbp": 236,
    "k_only": {
      "hr_at_k": {
        "1": 0.025423728813559324,
        "2": 0.06779661016949153,
        "3": 0.07627118644067797,
        "4": 0.09745762711864407,
        "5": 0.1016949152542373,
        "6": 0.11440677966101695,
        "7": 0.1271186440677966,
        "8": 0.13559322033898305,
        "9": 0.15254237288135594,
        "10": 0.16101694915254236,
        "11": 0.18220338983050846,
        "12": 0.19491525423728814,
        "13": 0.2076271186440678,
        "14": 0.2330508474576271,
        "15": 0.24152542372881355,
        "16": 0.2457627118644068,
        "17": 0.2627118644067797,
        "18": 0.2966101694915254,
        "19": 0.2966101694915254,
        "20": 0.3135593220338983
      }
    },
    "o_only": {
      "hr_at_k": {
        "1": 0.01694915254237288,
        "2": 0.1652542372881356,
        "3": 0.2330508474576271,
        "4": 0.4322033898305085,
        "5": 0.538135593220339,
        "6": 0.652542372881356,
        "7": 0.8305084745762712,
        "8": 0.8305084745762712,
        "9": 0.8305084745762712,
        "10": 0.8305084745762712,
        "11": 0.8305084745762712,
        "12": 0.8305084745762712,
        "13": 0.8305084745762712,
        "14": 0.8305084745762712,
        "15": 0.8305084745762712,
        "16": 0.8305084745762712,
        "17": 0.8305084745762712,
        "18": 0.8305084745762712,
        "19": 0.8305084745762712,
        "20": 0.8305084745762712
      }
    },
    "merged": {
      "hr_at_k": {
        "1": 0.025423728813559324,
        "2": 0.038135593220338986,
        "3": 0.07627118644067797,
        "4": 0.09322033898305085,
        "5": 0.09745762711864407,
        "6": 0.11440677966101695,
        "7": 0.1271186440677966,
        "8": 0.13559322033898305,
        "9": 0.15677966101694915,
        "10": 0.1652542372881356,
        "11": 0.1864406779661017,
        "12": 0.19915254237288135,
        "13": 0.211864406779661,
        "14": 0.2711864406779661,
        "15": 0.2754237288135593,
        "16": 0.2838983050847458,
        "17": 0.3093220338983051,
        "18": 0.3220338983050847,
        "19": 0.4661016949152542,
        "20": 0.5466101694915254
      }
    },
    "or": {
      "hr_at_k": {
        "1": 0.0423728813559322,
        "2": 0.22033898305084745,
        "3": 0.2923728813559322,
        "4": 0.4745762711864407,
        "5": 0.5677966101694916,
        "6": 0.673728813559322,
        "7": 0.8347457627118644,
        "8": 0.8347457627118644,
        "9": 0.8347457627118644,
        "10": 0.8347457627118644,
        "11": 0.8389830508474576,
        "12": 0.8389830508474576,
        "13": 0.8432203389830508,
        "14": 0.847457627118644,
        "15": 0.847457627118644,
        "16": 0.847457627118644,
        "17": 0.847457627118644,
        "18": 0.8516949152542372,
        "19": 0.8516949152542372,
        "20": 0.8516949152542372
      }
    },
    "dataset": "UCSD",
    "best_strict_HR1": 0.025423728813559324,
    "or_HR1": 0.0423728813559322
  },
  "PBIP": {
    "n_strict": 921,