{
  "CHEN": {
    "n_strict": 69,
    "n_with_embedded_rbp": 69,
    "k_only": {
      "hr_at_k": {
        "1": 0.2753623188405797,
        "2": 0.2753623188405797,
        "3": 0.2753623188405797,
        "4": 0.2753623188405797,
        "5": 0.2753623188405797,
        "6": 0.2753623188405797,
        "7": 0.4782608695652174,
        "8": 0.4782608695652174,
        "9": 0.4782608695652174,
        "10": 0.4782608695652174,
        "11": 0.4782608695652174,
        "12": 0.4782608695652174,
        "13": 0.4782608695652174,
        "14": 0.5072463768115942,
        "15": 0.5507246376811594,
        "16": 0.6086956521739131,
        "17": 0.6086956521739131,
        "18": 0.6086956521739131,
        "19": 0.6231884057971014,
        "20": 0.8260869565217391
      }
    },
    "o_only": {
      "hr_at_k": {
        "1": 0.3333333333333333,
        "2": 0.3333333333333333,
        "3": 0.3333333333333333,
        "4": 0.3333333333333333,
        "5": 0.3333333333333333,
        "6": 0.3333333333333333,
        "7": 0.4057971014492754,
        "8": 0.4057971014492754,
        "9": 0.4057971014492754,
        "10": 0.4057971014492754,
        "11": 0.4057971014492754,
        "12": 0.4057971014492754,
        "13": 0.43478260869565216,
        "14": 0.5652173913043478,
        "15": 0.5652173913043478,
        "16": 0.6521739130434783,
        "17": 0.6521739130434783,
        "18": 0.6521739130434783,
        "19": 0.6521739130434783,
        "20": 0.6521739130434783
      }
    },
    "merged": {
      "hr_at_k": {
        "1": 0.2753623188405797,
        "2": 0.2753623188405797,
        "3": 0.2753623188405797,
        "4": 0.2753623188405797,
        "5": 0.2753623188405797,
        "6": 0.2753623188405797,
        "7": 0.6086956521739131,
        "8": 0.6086956521739131,
        "9": 0.6086956521739131,
        "10": 0.6086956521739131,
        "11": 0.6086956521739131,
        "12": 0.6086956521739131,
        "13": 0.6086956521739131,
        "14": 0.6086956521739131,
        "15": 0.6086956521739131,
        "16": 0.6086956521739131,
        "17": 0.6086956521739131,
        "18": 0.6086956521739131,
        "19": 0.8115942028985508,
        "20": 0.8115942028985508
      }
    },
    "or": {
      "hr_at_k": {
        "1": 0.6086956521739131,
        "2": 0.6086956521739131,
        "3": 0.6086956521739131,
        "4": 0.6086956521739131,
        "5": 0.6086956521739131,
        "6": 0.6086956521739131,
        "7": 0.8115942028985508,
        "8": 0.8115942028985508,
        "9": 0.8115942028985508,
        "10": 0.8115942028985508,
        "11": 0.8115942028985508,
        "12": 0.8115942028985508,
        "13": 0.8405797101449275,
        "14": 0.8695652173913043,
        "15": 0.8840579710144928,
        "16": 0.9130434782608695,
        "17": 0.9130434782608695,
        "18": 0.9130434782608695,
        "19": 0.927536231884058,
        "20": 0.9710144927536232
      }
    },
    "dataset": "CHEN",
    "best_strict_HR1": 0.3333333333333333,
    "or_HR1": 0.6086956521739131
  },
  "GORODNICHIV": {
    "n_strict": 12,
    "n_with_embedded_rbp": 12,
    "k_only": {
      "hr_at_k": {
        "1": 1.0,
        "2": 1.0,
        "3": 1.0,
        "4": 1.0,
        "5": 1.0,
        "6": 1.0,
        "7": 1.0,
        "8": 1.0,
        "9": 1.0,
        "10": 1.0,
        "11": 1.0,
        "12": 1.0,
        "13": 1.0,
        "14": 1.0,
        "15": 1.0,
        "16": 1.0,
        "17": 1.0,
        "18": 1.0,
        "19": 1.0,
        "20": 1.0
      }
    },
    "o_only": {
      "hr_at_k": {
        "1": 0.0,
        "2": 0.0,
        "3": 0.0,
        "4": 0.0,
        "5": 0.0,
        "6": 0.0,
        "7": 0.0,
        "8": 0.0,
        "9": 0.0,
        "10": 0.0,
        "11": 0.0,
        "12": 0.0,
        "13": 0.0,
        "14": 0.0,
        "15": 0.0,
        "16": 0.0,
        "17": 0.0,
        "18": 0.0,
        "19": 0.0,
        "20": 0.0
      }
    },
    "merged": {
      "hr_at_k": {
        "1": 1.0,
        "2": 1.0,
        "3": 1.0,
        "4": 1.0,
        "5": 1.0,
        "6": 1.0,
        "7": 1.0,
        "8": 1.0,
        "9": 1.0,
        "10": 1.0,
        "11": 1.0,
        "12": 1.0,
        "13": 1.0,
        "14": 1.0,
        "15": 1.0,
        "16": 1.0,
        "17": 1.0,
        "18": 1.0,
        "19": 1.0,
        "20": 1.0
      }
    },
    "or": {
      "hr_at_k": {
        "1": 1.0,
        "2": 1.0,
        "3": 1.0,
        "4": 1.0,
        "5": 1.0,
        "6": 1.0,
        "7": 1.0,
        "8": 1.0,
        "9": 1.0,
        "10": 1.0,
        "11": 1.0,
        "12": 1.0,
        "13": 1.0,
        "14": 1.0,
        "15": 1.0,
        "16": 1.0,
        "17": 1.0,
        "18": 1.0,
        "19": 1.0,
        "20": 1.0
      }
    },
    "dataset": "GORODNICHIV",
    "best_strict_HR1": 1.0,
    "or_HR1": 1.0
  },
  "UCSD": {
    "n_strict": 236,
    "n_with_embedded_rbp": 236,
    "k_only": {
      "hr_at_k": {
        "1": 0.08898305084745763,
        "2": 0.08898305084745763,
        "3": 0.1059322033898305,
        "4": 0.1059322033898305,
        "5": 0.1271186440677966,
        "6": 0.15677966101694915,
        "7": 0.16101694915254236,
        "8": 0.17372881355932204,
        "9": 0.19491525423728814,
        "10": 0.22033898305084745,
        "11": 0.23728813559322035,
        "12": 0.25,
        "13": 0.2838983050847458,
        "14": 0.288135593220339,
        "15": 0.3008474576271186,
        "16": 0.3093220338983051,
        "17": 0.3135593220338983,
        "18": 0.3305084745762712,
        "19": 0.3347457627118644,
        "20": 0.3813559322033898
      }
    },
    "o_only": {
      "hr_at_k": {
        "1": 0.012711864406779662,
        "2": 0.029661016949152543,
        "3": 0.046610169491525424,
        "4": 0.211864406779661,
        "5": 0.2923728813559322,
        "6": 0.6991525423728814,
        "7": 0.788135593220339,
        "8": 0.7923728813559322,
        "9": 0.8432203389830508,
        "10": 0.8432203389830508,
        "11": 0.8432203389830508,
        "12": 0.8432203389830508,
        "13": 0.8432203389830508,
        "14": 0.8432203389830508,
        "15": 0.8432203389830508,
        "16": 0.8432203389830508,
        "17": 0.8432203389830508,
        "18": 0.8432203389830508,
        "19": 0.8432203389830508,
        "20": 0.8432203389830508
      }
    },
    "merged": {
      "hr_at_k": {
        "1": 0.08898305084745763,
        "2": 0.08898305084745763,
        "3": 0.1059322033898305,
        "4": 0.1059322033898305,
        "5": 0.1271186440677966,
        "6": 0.15677966101694915,
        "7": 0.16101694915254236,
        "8": 0.17372881355932204,
        "9": 0.1906779661016949,
        "10": 0.22033898305084745,
        "11": 0.23728813559322035,
        "12": 0.2457627118644068,
        "13": 0.2584745762711864,
        "14": 0.2966101694915254,
        "15": 0.3093220338983051,
        "16": 0.3220338983050847,
        "17": 0.326271186440678,
        "18": 0.3305084745762712,
        "19": 0.3389830508474576,
        "20": 0.3516949152542373
      }
    },
    "or": {
      "hr_at_k": {
        "1": 0.09322033898305085,
        "2": 0.1059322033898305,
        "3": 0.13559322033898305,
        "4": 0.2838983050847458,
        "5": 0.3686440677966102,
        "6": 0.7288135593220338,
        "7": 0.7966101694915254,
        "8": 0.809322033898305,
        "9": 0.8516949152542372,
        "10": 0.864406779661017,
        "11": 0.8686440677966102,
        "12": 0.8686440677966102,
        "13": 0.8728813559322034,
        "14": 0.8728813559322034,
        "15": 0.8728813559322034,
        "16": 0.8728813559322034,
        "17": 0.8728813559322034,
        "18": 0.8771186440677966,
        "19": 0.8771186440677966,
        "20": 0.8771186440677966
      }
    },
    "dataset": "UCSD",
    "best_strict_HR1": 0.08898305084745763,
    "or_HR1": 0.09322033898305085
  },
  "PBIP": {
    "n_strict": 921,
    "n_with_embedded_rbp": 921,